{
  "informativos": [
    {
      "id": "1",
      "text": "Lixo irregular",
      "end": "rua consolação",
      "situacao": "resolvido"
    },
    {
      "id": "3f921b72-b6b8-42aa-8e3f-313953e84ca2",
      "text": "sel al",
      "situacao": "slaks"
    },
    {
      "id": "2ae8be82-ddfd-482d-b8d9-5eaf39f74e11",
      "text": "sel al",
      "situacao": "slaks"
    },
    {
      "id": "8330956b-ce4c-46e7-bcf7-e395c50ec7e6",
      "text": "sel al",
      "situacao": "slaks"
    },
    {
      "id": "8a82b3d8-0960-4741-87cc-6b0ca32b4fb0",
      "text": "sel al",
      "situacao": "slaks"
    },
    {
      "id": "e42c4f1a-f636-4af0-b0e2-af8f1ba93cad",
      "end": "res",
      "text": "erss",
      "situacao": "sdsf"
    },
    {
      "id": "d1eb2018-b106-4a2f-a194-4b4e658cf34b",
      "end": "res",
      "text": "erss",
      "situacao": "sdsf"
    },
    {
      "id": "cae6c45e-c68c-487e-bed1-e67278e8fbc9",
      "end": "res",
      "text": "erss",
      "situacao": "sdsf"
    },
    {
      "id": "fe491082-06bc-4b7b-8e2f-82de45d8e14a",
      "end": "res",
      "text": "erss",
      "situacao": "sdsf"
    },
    {
      "id": "74c76c6e-61d5-4be6-a988-df1b8faa31ad",
      "end": "res",
      "text": "erss",
      "situacao": "sdsf"
    }
  ]
}